Date_time,Age,Gender,Country,state,family_history,treatment,work_interfere,MinIncome
2014-08-27,37,Female,United States,IL,No,Yes,Often,55000
2020-10-27,44,M,United States,IN,No,No,Rarely,450000
2014-11-25,32,Male,Canada,NA,No,No,Rarely,322222
2014-08-27,31,Male,United Kingdom,NA,Yes,Yes,Often,456645
2021-05-27,31,Male,United States,TX,No,No,Never,677554
2014-07-21,33,Male,United States,TN,Yes,No,Sometimes,677886
2014-08-11,35,Female,United States,MI,Yes,Yes,Sometimes,78655
2014-07-27,39,M,Canada,NA,No,No,Never,7899
2014-09-27,42,Female,United States,IL,Yes,Yes,Sometimes,567889
